תפתח לי את הווטסאפ	open_app	0.93416
פתח יוטיוב	open_app	0.88451
תיכנס לוויז בבקשה	open_app	0.96804
תפתח את המצלמה	open_app	0.90055
תפתחי את מוסיקולט	open_app	0.92065
תכנס לגוגל	open_app	0.98725
תפעיל את אפליקציית מוביט	open_app	0.99384
פתח מחשבון	open_app	0.90605
תפתח את הגלריה שלי	open_app	0.72180
אפשר לפתוח טלגרם	open_app	0.94771
תפתח את ספריא	open_app	0.90758
תעלה לי את היומן	open_app	0.71408
תנגן את אדון עולם	play_song	0.78074
תשמיע לי את השיר תודה של ישי ריבו	play_song	0.99619
שים את ירושלים של זהב במוסיקולט	play_song	0.99535
תפתח את השיר לכה דודי	play_song	0.79549
תנגן משהו של מרדכי בן דוד	play_song	0.99075
אני רוצה לשמוע את אבינו מלכנו	play_song	0.66291
תפעיל את השיר הלב שלי	play_song	0.96047
נגן ניגון של חב"ד	play_song	0.99232
תשים את השיר אני מאמין במוזיקולט	play_song	0.99928
תשמיע ידיד נפש	play_song	0.72782
תעצור את המוזיקה	music_pause	0.99370
עצור	music_pause	0.98495
תפסיק לנגן	music_pause	0.96429
תמשיך לנגן	music_resume	0.99982
תמשיך את השיר	music_resume	0.99541
השיר הבא	music_next	0.99962
תעביר שיר	music_next	0.99675
דלג	music_next	0.99799
תחזור לשיר הקודם	music_prev	0.99992
הקודם בבקשה	music_prev	0.99444
תרשום לקנות חלב וביצים	note_add	0.99457
תכתוב פתק שהפגישה נדחתה ליום ראשון	note_add	0.99494
פתק חדש: להתקשר לשרברב	note_add	0.71370
תזכור שהחנייה בקומה שלוש	note_add	0.93382
תרשום לי את המספר 0501234567	note_add	0.97463
תוסיף פתק לקנות מתנה לאבא	note_add	0.99739
תראה לי את הפתקים	note_list	0.99608
מה רשמתי	note_list	0.98863
תקריא את הפתקים שלי	note_list	0.99376
מה רשמתי על החנייה	note_list	0.85559
תזכיר לי מחר בשמונה להתקשר לבנק	reminder_add	0.95179
תזכיר לי בעוד חצי שעה להוציא את העוגה	reminder_add	0.99107
תזכורת ביום שישי בעשר לקנות חלות	reminder_add	0.99225
תזכיר לי להתפלל ערבית בשבע וחצי	reminder_add	0.99535
תעשה לי תזכורת לקחת כדור בעוד שעתיים	reminder_add	0.99003
טיימר לעשר דקות	timer_set	0.99939
תפעיל טיימר של חמש דקות	timer_set	0.99719
תשים טיימר לחצי שעה	timer_set	0.99640
טיימר 3 דקות	timer_set	0.99990
תעיר אותי מחר בשש וחצי	alarm_set	0.98853
שעון מעורר לשבע	alarm_set	0.99929
תכוון שעון מעורר ל-5:45	alarm_set	0.99939
תעיר אותי בחמש בבוקר	alarm_set	0.99521
תתקשר לאמא	call_contact	0.99737
חייג לאבא	call_contact	0.99147
תתקשר ליוסי כהן	call_contact	0.99085
תוציא שיחה לרב	call_contact	0.97511
תתקשרי לסבתא	call_contact	0.99566
תדליק פנס	flashlight_on	0.99898
תדליק את הפנס	flashlight_on	0.99129
פנס	flashlight_on	0.98162
תכבה את הפנס	flashlight_off	0.98442
כבה פנס	flashlight_off	0.96181
תדליק וויפי	wifi_on	0.99340
תפעיל את הוויפי	wifi_on	0.98476
תכבה את הוויפי	wifi_off	0.99385
תדליק בלוטוס	bluetooth_on	0.99236
תפעיל בלוטוס	bluetooth_on	0.99368
תכבה בלוטוס	bluetooth_off	0.98580
תגביר את הווליום	volume_up	0.99689
יותר חזק	volume_up	0.99141
תעלה את העוצמה	volume_up	0.96376
תנמיך	volume_down	0.93917
תוריד את הווליום קצת	volume_down	0.96994
יותר חלש	volume_down	0.99745
ווליום על 50	volume_set	0.98544
תשים עוצמה על 30 אחוז	volume_set	0.99823
תשתיק	volume_mute	0.99959
השתק את הקול	volume_mute	0.99626
תגביר בהירות	brightness_up	0.96282
תעלה את הבהירות	brightness_up	0.97312
תוריד בהירות	brightness_down	0.96882
המסך בהיר מדי	brightness_down	0.80826
בהירות 70	brightness_set	0.96742
תשים בהירות על חמישים	brightness_set	0.99719
בהירות אוטומטית	brightness_auto	0.99961
תעביר למצב שקט	dnd_on	0.97833
נא לא להפריע	dnd_on	0.92645
מצב שבת	dnd_on	0.99697
תבטל מצב שקט	dnd_off	0.99129
תחזיר את הצלצול	dnd_off	0.98478
מצב רטט	vibrate_mode	0.99970
תשים על רטט	vibrate_mode	0.99959
תפתח הגדרות	open_settings	0.99738
תפתח הגדרות בלוטוס	open_settings	0.57081
מצב טיסה	open_settings	0.97705
תדליק מיקום	open_settings	0.71033
תפתח הגדרות סוללה	open_settings	0.99184
מה השעה	time_query	0.99975
כמה השעה עכשיו	time_query	0.99948
מה התאריך היום	date_query	0.99998
מה התאריך העברי	date_query	0.99819
איזה יום היום	date_query	0.99946
כמה סוללה נשארה	battery_query	0.99945
כמה אחוז יש לי	battery_query	0.98630
שלום	greeting	0.99683
בוקר טוב	greeting	0.97439
מה נשמע	greeting	0.98180
תודה רבה	thanks	0.97761
יישר כח	thanks	0.97812
מה אתה יודע לעשות	help	0.98800
עזרה	help	0.99564
ספר לי בדיחה	other	0.85802
מה הבירה של צרפת	other	0.74725
אני רעב	other	0.97674
איפה המפתחות שלי	other	0.77952
מה מזג האוויר מחר	other	0.78680
